date,open,high,low,close,volume
2/8/13,15.07,15.12,14.63,14.75,8407500
2/11/13,14.89,15.01,14.26,14.46,8882000
2/12/13,14.45,14.51,14.1,14.27,8126000
2/13/13,14.3,14.94,14.25,14.66,10259500
2/14/13,14.94,14.96,13.16,13.99,31879900
2/15/13,13.93,14.61,13.93,14.5,15628000
2/19/13,14.33,14.56,14.08,14.26,11354400
2/20/13,14.17,14.26,13.15,13.33,14725200
2/21/13,13.62,13.95,12.9,13.37,11922100
2/22/13,13.57,13.6,13.21,13.57,6071400
2/25/13,13.6,13.76,13,13.02,7186400
2/26/13,13.14,13.42,12.7,13.26,9419000
2/27/13,13.28,13.62,13.18,13.41,7390500
2/28/13,13.49,13.63,13.39,13.43,6143600
3/1/13,13.37,13.95,13.32,13.61,7376800
3/4/13,13.5,14.07,13.47,13.9,8174800
3/5/13,14.01,14.05,13.71,14.05,7676100
3/6/13,14.52,14.68,14.25,14.57,13243200
3/7/13,14.7,14.93,14.5,14.82,9125300
3/8/13,14.99,15.2,14.84,14.92,10593700
3/11/13,14.85,15.15,14.71,15.13,6961800
3/12/13,15.14,15.6,14.95,15.5,8999100
3/13/13,15.54,16.2,15.48,15.91,11380000
3/14/13,15.98,16.36,15.93,16.25,8383300
3/15/13,16.45,16.54,15.88,15.98,17667700
3/18/13,15.8,16.33,15.71,16.29,6514100
3/19/13,16.48,16.85,16.41,16.78,11805300
3/20/13,17.13,17.33,16.87,17.23,10819800
3/21/13,17.21,17.43,16.87,17,10740800
3/22/13,17.1,17.29,16.77,16.86,8545200
3/25/13,16.92,17,16.35,16.6,8400000
3/26/13,16.67,16.84,16.5,16.51,6898500
3/27/13,16.48,16.77,16.33,16.65,5537100
3/28/13,17,17.09,16.82,16.97,8324100
4/1/13,17.02,17.13,16.54,16.67,5222300
4/2/13,16.48,16.5,15.71,15.74,14595600
4/3/13,15.82,15.92,15.13,15.53,14658300
4/4/13,15.12,15.71,15.12,15.69,5520300
4/5/13,15.17,15.79,15.03,15.72,5252300
4/8/13,15.82,15.97,15.53,15.84,3780700
4/9/13,16.07,16.1,15.67,15.7,4420200
4/10/13,15.74,15.98,15.7,15.78,3650600
4/11/13,15.77,16.38,15.75,16.19,5062200
4/12/13,16.11,16.39,15.95,16.14,3751800
4/15/13,16.2,16.39,15.47,15.59,6243400
4/16/13,15.96,16.74,15.81,16.37,10458200
4/17/13,16.17,16.55,15.9,16.52,6581900
4/18/13,16.54,16.54,15.95,16.1,7633300
4/19/13,16.1,16.24,15.85,16.02,5762600
4/22/13,15.99,16,15.5,15.52,9227100
4/23/13,15.33,16.49,15.33,16.3,12302300
4/24/13,16.26,16.5,16,16.45,6114400
4/25/13,16.55,16.73,16.19,16.22,5548800
4/26/13,16.38,16.73,16.16,16.59,7272100
4/29/13,16.7,16.97,16.56,16.81,5436400
4/30/13,16.8,17.05,16.57,16.9,3640700
5/1/13,16.91,17.17,16.6,16.6,4943600
5/2/13,16.72,16.98,16.6,16.94,4888900
5/3/13,17.02,17.19,16.89,17.02,6451900
5/6/13,17.05,17.11,16.91,17,3930700
5/7/13,17.15,17.15,16.95,16.98,3157000
5/8/13,17.01,17.55,16.99,17.34,6706200
5/9/13,17.53,17.86,17.34,17.38,6424000
5/10/13,17.61,17.81,17.41,17.76,4248200
5/13/13,17.74,17.95,17.57,17.72,4250900
5/14/13,17.82,18.3,17.8,18.1,5989700
5/15/13,18.37,18.99,18.31,18.81,8951500
5/16/13,18.96,19.52,18.88,19.12,6679300
5/17/13,19.38,19.7,18.75,19.01,7540000
5/20/13,19.05,19.39,18.39,18.59,6055000
5/21/13,18.55,18.7,17.65,17.95,10018700
5/22/13,18.06,18.43,17.71,17.93,8662000
5/23/13,17.48,18.45,17.44,18.19,7482400
5/24/13,18.11,18.42,17.89,18.21,4277800
5/28/13,18.44,18.72,18.05,18.12,4561900
5/29/13,18.06,18.15,17.65,17.83,4216200
5/30/13,17.92,18.22,17.66,17.67,4126600
5/31/13,17.66,17.9,17.55,17.57,3831500
6/3/13,17.54,17.9,17.4,17.73,5776800
6/4/13,17.78,18.2,17.56,17.65,4543800
6/5/13,17.15,17.62,16.85,16.95,11852000
6/6/13,16.92,17.08,15.93,16.64,12738600
6/7/13,16.89,17.1,16.65,17.02,4030900
6/10/13,17.09,17.35,17.05,17.26,4246400
6/11/13,16.94,17.26,16.75,16.92,3788700
6/12/13,16.97,17.2,16.65,16.88,3602200
6/13/13,16.85,17.07,16.64,17.01,5384700
6/14/13,16.96,17.25,16.81,16.93,2572500
6/17/13,17.02,17.16,16.74,16.95,2845000
6/18/13,16.94,17.32,16.82,17.22,4298600
6/19/13,17.16,17.27,17,17.06,2382500
6/20/13,16.73,17.18,16.53,16.73,5234200
6/21/13,16.8,16.94,16.05,16.34,6423700
6/24/13,16.06,16.14,15.59,16.13,6691000
6/25/13,16.22,16.5,16.16,16.46,3399500
6/26/13,16.5,16.64,16.17,16.17,3604500
6/27/13,16.29,16.34,16,16.31,3566000
6/28/13,16.24,16.55,16.16,16.42,7063900
7/1/13,16.5,17.04,16.48,16.8,4666900
7/2/13,16.78,16.79,16.36,16.43,4009300
7/3/13,16.06,16.8,16.04,16.75,2625800
7/5/13,16.93,17,16.68,16.84,2397200
7/8/13,16.94,17.09,16.85,16.94,2671200
7/9/13,17.01,17.38,16.97,17.36,4076600
7/10/13,17.32,17.48,17.01,17.17,4289700
7/11/13,17.4,17.5,17.27,17.37,3153800
7/12/13,17.36,17.85,17.35,17.56,3947100
7/15/13,17.66,17.83,17.56,17.76,3267000
7/16/13,17.86,18,17.75,17.95,3839100
7/17/13,17.96,18.47,17.95,18.45,6291800
7/18/13,18.7,18.93,18.31,18.42,8434200
7/19/13,18.26,18.37,18,18.23,4122700
7/22/13,18.25,18.3,18,18.15,4705200
7/23/13,18.33,18.34,17.85,18.05,4893700
7/24/13,18.43,18.71,18.22,18.5,10792800
7/25/13,18.49,18.85,18.3,18.83,9851900
7/26/13,18.74,19.11,18.68,19.09,7797700
7/29/13,19.07,19.26,18.93,19.23,6462700
7/30/13,19.33,19.45,19.11,19.2,6091900
7/31/13,19.25,19.49,19.19,19.35,9571100
8/1/13,19.44,19.59,19.24,19.38,7989100
8/2/13,19.38,19.39,18.9,18.92,7382700
8/5/13,18.9,19.25,18.9,19.17,4365800
8/6/13,19.17,19.2,18.83,18.92,3350300
8/7/13,18.84,18.98,18.52,18.87,4318500
8/8/13,18.99,19.13,18.9,18.98,4269900
8/9/13,18.91,19.08,18.56,18.6,4720600
8/12/13,18.49,18.88,18.07,18.82,4674800
8/13/13,18.86,18.95,16.29,16.36,78591200
8/14/13,16.05,16.34,15.35,16.17,28026200
8/15/13,15.97,16.16,15.65,15.72,10372800
8/16/13,15.7,16.42,15.7,16.01,8824700
8/19/13,15.97,15.99,15.62,15.64,6141500
8/20/13,15.64,16.21,15.6,15.8,6373900
8/21/13,15.8,15.99,15.75,15.81,4234300
8/22/13,15.91,16.37,15.9,16.27,4770200
8/23/13,16.3,16.4,16.1,16.16,2190400
8/26/13,16.16,16.41,16.03,16.21,2808200
8/27/13,15.87,16,15.33,15.47,6422300
8/28/13,15.38,15.53,15.28,15.34,3613100
8/29/13,16.03,16.39,15.72,15.96,7645000
8/30/13,16.1,16.73,16.07,16.16,7569500
9/3/13,16.38,16.64,16.11,16.39,4178200
9/4/13,16.49,16.85,16.44,16.81,4839200
9/5/13,16.95,17.13,16.88,16.99,3528500
9/6/13,17.18,17.2,16.62,16.8,4512900
9/9/13,16.86,17.47,16.84,17.47,5276200
9/10/13,17.69,18.18,17.64,18.12,5827000
9/11/13,18.03,18.04,17.31,17.72,6391100
9/12/13,17.69,17.95,17.55,17.63,3475500
9/13/13,17.71,18.03,17.71,17.87,2590600
9/16/13,18.16,18.41,17.97,18.07,5691300
9/17/13,18.57,18.82,18.5,18.72,5634500
9/18/13,18.68,18.8,18.47,18.68,4482400
9/19/13,18.67,19.13,18.61,18.97,5189900
9/20/13,18.94,19.21,18.83,18.89,4989100
9/23/13,18.89,19,18.54,18.86,3354400
9/24/13,18.79,19.28,18.68,18.99,5610900
9/25/13,19.13,19.39,18.8,19.18,3519500
9/26/13,19.17,19.48,19.1,19.47,3301300
9/27/13,19.09,19.35,18.77,19.08,4223100
9/30/13,18.34,19.22,18.04,18.96,4364300
10/1/13,18.98,19.85,18.98,19.69,7630300
10/2/13,20,20.1,19.74,19.84,5555100
10/3/13,20,20.5,19.67,20.48,7886500
10/4/13,20.31,20.75,20.31,20.53,6492900
10/7/13,20.41,20.77,20.3,20.39,3837200
10/8/13,20.32,20.43,19.92,20.02,4188900
10/9/13,20.08,20.27,19.77,20.06,3358000
10/10/13,20.35,20.65,20.27,20.5,3372000
10/11/13,20.5,20.73,20.42,20.72,3503300
10/14/13,20.52,20.67,20.26,20.58,3066400
10/15/13,20.64,20.83,20.32,20.5,3089000
10/16/13,20.57,20.73,20.45,20.62,3478800
10/17/13,20.72,21.06,20.64,21,4487000
10/18/13,21.23,21.35,20.82,21.14,3676600
10/21/13,21.23,21.34,21.07,21.22,2104100
10/22/13,21.53,21.99,21.34,21.95,5208400
10/23/13,21.82,22.09,21.31,21.4,5540000
10/24/13,22.08,23.16,21.82,22.67,9779400
10/25/13,22.76,23.08,21.65,22.15,9907100
10/28/13,22.24,22.63,21.88,22.01,4642800
10/29/13,22.76,22.79,22.07,22.37,5769000
10/30/13,22.38,22.99,21.82,22.58,13157000
10/31/13,22.6,22.86,21.97,21.97,6029300
11/1/13,22.04,22.47,21.6,22.44,7190700
11/4/13,22.6,23.9,22.57,22.71,19962000
11/5/13,22.75,22.88,22.33,22.68,7127300
11/6/13,23.26,23.26,21.9,22.4,8827100
11/7/13,22.53,22.79,21.95,22.08,6393200
11/8/13,22.16,23.23,22.12,23.21,8462000
11/11/13,23.25,23.45,23.06,23.27,3508100
11/12/13,23.26,25.49,22.5,23.52,40091800
11/13/13,24.22,24.3,23.13,23.31,20087200
11/14/13,23.79,23.8,23.38,23.66,12641900
11/15/13,23.73,24.05,23.32,23.89,13660700
11/18/13,24.22,24.81,24.04,24.4,10080800
11/19/13,24.55,24.8,24.08,24.23,14087400
11/20/13,24.29,24.42,23.91,24.06,11182500
11/21/13,24.07,24.24,23.78,23.99,9920500
11/22/13,24.2,24.56,23.9,24.27,12430500
11/25/13,24.45,24.53,24,24.24,9436600
11/26/13,24.17,24.24,23.7,23.81,10785200
11/27/13,23.92,24.18,23.63,23.98,14261600
11/29/13,24.12,24.18,23.45,23.48,4922900
12/2/13,23.55,23.62,23.01,23.04,9149800
12/3/13,22.99,22.99,22.01,22.39,17623800
12/4/13,22.38,22.43,21.69,21.87,16670300
12/5/13,22.27,22.62,21.45,22.35,30725800
12/6/13,22.72,22.88,22.13,22.55,28364700
12/9/13,23.95,25.44,23.4501,24.6,43197268
12/10/13,24.54,25.17,24.41,24.88,18660625
12/11/13,25.44,27.2,25.37,25.99,38843371
12/12/13,26.2,26.71,25.45,25.45,19981824
12/13/13,25.61,26.3,25.5201,26.23,12192421
12/16/13,26.63,26.7658,26.35,26.61,13190945
12/17/13,26.47,26.59,25.9501,26.1,11413199
12/18/13,25.99,26.23,25.55,26.23,9994162
12/19/13,26.09,26.49,25.821,26.12,6916497
12/20/13,26.16,26.49,26.14,26.33,8530924
12/23/13,26.29,26.49,26.05,26.18,5403084
12/24/13,26,26.26,26,26.25,2652974
12/26/13,26.12,26.36,25.975,26.13,4226639
12/27/13,25.95,26.1,24.91,24.94,13227018
12/30/13,24.87,25.25,24.65,24.78,8841369
12/31/13,24.74,25.25,24.63,25.25,7168395
1/2/14,25.07,25.82,25.06,25.36,8998943
1/3/14,25.75,26.75,25.51,26.54,13836062
1/6/14,26.62,27.2,26.6,27.03,11272273
1/7/14,27.2,27.3997,26.67,26.905,11288775
1/8/14,26.37,27.68,26.35,27.63,15736891
1/9/14,28.24,29.6,28.2,29.42,26056445
1/10/14,29.05,29.83,28.75,29.35,12824160
1/13/14,29.18,29.53,28.58,28.65,10591701
1/14/14,28.75,29.04,28.71,28.87,10601529
1/15/14,28.9,29.44,28.7,28.84,11192558
1/16/14,28.94,29.39,28.7,29.34,7034698
1/17/14,29.3,30.02,29.171,30.02,18304949
1/21/14,30.66,30.8,30.2,30.66,10612821
1/22/14,30.71,31.24,30.65,31.2,7583631
1/23/14,30.65,31.46,30.62,31.35,11397447
1/24/14,31.02,31.18,29.91,30.4,13699981
1/27/14,30.4,30.87,28.67,30.18,16288488
1/28/14,30.32,32.2,30.02,31.96,23966003
1/29/14,32.24,33.4,32.1,32.98,22726800
1/30/14,33.36,34.2,33.2,33.8,13677012
1/31/14,33.44,34.08,33,33.55,12795698
2/3/14,33.95,34.48,33.05,33.96,21743871
2/4/14,34.04,34.38,33.58,34.05,11241908
2/5/14,33.82,33.97,33.4,33.8,15471546
2/6/14,33.71,34.92,33.7,34.66,13924507
2/7/14,34.81,35.7,34.65,35.67,15411777
2/10/14,36.1,36.15,35.38,35.58,11110235
2/11/14,35.58,35.64,34.39,35.13,11990875
2/12/14,34.89,35,34.36,34.69,9386780
2/13/14,34.07,35.04,34.06,35.025,8412272
2/14/14,34.85,35.176,34.22,34.41,7307286
2/18/14,34.73,34.95,34.2,34.31,7090152
2/19/14,34.25,35.09,34.11,34.59,7259501
2/20/14,34.43,35.6694,34.43,35.66,9289448
2/21/14,35.78,36.45,35.75,36.17,7821334
2/24/14,36.2,36.66,36.02,36.65,7022370
2/25/14,36.63,37.15,36.51,37,8991389
2/26/14,37.12,37.28,36.58,36.75,10516864
2/27/14,36.88,36.9485,36.34,36.56,5666647
2/28/14,36.11,36.98,36.07,36.93,7991349
3/3/14,36.17,36.4,35.32,36.1,9495177
3/4/14,36.57,37.46,36.57,37.34,11742444
3/5/14,37.6,38.03,37.51,37.86,8793959
3/6/14,38.28,39.325,38.28,38.81,14008414
3/7/14,39.17,39.29,38.11,39.02,10540431
3/10/14,38.7,39.88,38.55,38.96,11415390
3/11/14,38.65,39.26,37.95,38.08,11311219
3/12/14,37.97,38.08,37.23,37.5599,9416584
3/13/14,37.9,37.9899,35.75,36.74,11743627
3/14/14,36,37.1799,35.67,36.34,7199813
3/17/14,36.62,37.77,36.53,37.7,9240047
3/18/14,37.75,38.04,37.09,37.35,5716947
3/19/14,37.27,37.63,36.68,37.08,3863064
3/20/14,36.61,37.09,36.28,36.56,6952115
3/21/14,36.76,36.82,35.91,36.11,14113193
3/24/14,36.25,36.86,36.03,36.8,6514506
3/25/14,36.88,38.197,36.86,37.9,10419256
3/26/14,38.15,38.26,36.64,36.7,7322443
3/27/14,36.62,36.77,35.02,35.77,9546097
3/28/14,35.77,36.5,35.35,35.39,6792745
3/31/14,35.84,36.87,35.75,36.6,8415583
4/1/14,36.95,38.19,36.85,37.94,11065541
4/2/14,38.24,38.9,37.48,37.71,12508405
4/3/14,37.72,38.44,36.96,37.34,7939297
4/4/14,37.41,37.72,36.3001,36.56,8733197
4/7/14,36.78,37.48,35.46,35.78,10577786
4/8/14,36,36.22,33.62,35.98,17409958
4/9/14,36.08,37,35.16,36.9,11479241
4/10/14,36.7,37.38,34.6,35.29,16312604
4/11/14,34.1,35.46,33.59,33.6799,15538291
4/14/14,34,34.77,32.77,33.37,13466805
4/15/14,33.52,34.33,31.86,33.72,15981721
4/16/14,34.17,35.59,33.94,35.51,15636133
4/17/14,35.5,35.865,34.82,35.4,9225655
4/21/14,35.08,35.79,34.86,35.67,7190588
4/22/14,35.76,36.74,35.75,36.16,8942295
4/23/14,37.14,37.6,36.4,37.09,14649452
4/24/14,37.84,38.24,35.8,37.26,21038719
4/25/14,37,37.11,35.91,36,9576404
4/28/14,36.41,36.72,34.34,35.16,13149281
4/29/14,35.2,35.65,34.97,35.51,8994998
4/30/14,35.68,35.88,34.89,35.07,6946491
5/1/14,35.86,36.7,35.465,36.39,11502084
5/2/14,36.27,36.715,36.06,36.49,6987195
5/5/14,36.08,36.78,35.79,36.6,5819281
5/6/14,37.14,37.4,36.39,36.67,9492604
5/7/14,36.53,37.31,36.31,37.22,7800951
5/8/14,37.25,38.25,37.05,38.25,14451109
5/9/14,37.96,38.7,37.91,38.26,9704405
5/12/14,38.35,39.49,38.35,39.39,12440659
5/13/14,38.95,39.74,38.85,39.31,8680113
5/14/14,39.08,39.24,38.56,38.84,7993886
5/15/14,38.55,38.73,37.48,38.19,10677177
5/16/14,38.01,38.68,37.76,38.525,7062948
5/19/14,38.49,39.1601,38.1,38.57,7165081
5/20/14,38.54,38.88,38.02,38.24,6285855
5/21/14,38.28,38.85,38.05,38.32,6565390
5/22/14,38.3,38.88,38.3,38.72,6414652
5/23/14,38.53,39.5,38.53,39.11,9865965
5/27/14,39.38,39.93,39.23,39.35,9586877
5/28/14,39.4,40.33,39.19,39.8,11133508
5/29/14,39.89,40.27,39.36,39.82,9668210
5/30/14,39.83,40.175,39.68,40.16,13888723
6/2/14,40,41.25,40,41.22,9906030
6/3/14,41.13,42.09,41.1103,41.44,9460202
6/4/14,41.36,42.9,41.2,42.82,11934666
6/5/14,43,43.49,42.27,42.41,8543065
6/6/14,42.45,43.92,42.42,43.88,13616388
6/9/14,44,44.43,43.07,43.59,11689566
6/10/14,43.5,43.86,42.93,43.66,8384472
6/11/14,42.9,43.29,42.03,42.29,13185059
6/12/14,41.27,41.41,38.855,40.2,37320111
6/13/14,40.25,40.925,39.55,40.38,13594153
6/16/14,39.68,41.29,39.67,41.06,13634011
6/17/14,41.08,42.19,40.76,41.87,12527641
6/18/14,41.93,42.82,41.57,42.66,11250953
6/19/14,42.82,43.49,42.66,43.06,14117100
6/20/14,43.04,44.55,43.03,44.55,40644263
6/23/14,44.3,44.88,43.8,44.36,18457895
6/24/14,44.14,44.61,42.76,43.179,13252583
6/25/14,42.9,44,42.3,43.91,10944639
6/26/14,43.96,44.6,43.5,44.55,11175082
6/27/14,44.3,44.75,43.91,44,41471585
6/30/14,44.04,44.08,42.83,42.96,10456585
7/1/14,43.44,43.9,43.05,43.86,9165112
7/2/14,42.89,42.95,41.42,41.95,19747272
7/3/14,42.61,42.9399,41.4,41.62,8257974
7/7/14,41.72,41.72,39.92,40.1,14227133
7/8/14,39.14,40.33,37.9,40.26,26401824
7/9/14,42.08,42.35,40.505,41.985,20468311
7/10/14,41,42.98,40.771,42.82,11829169
7/11/14,42.91,43.23,42.52,42.88,8135498
7/14/14,43.26,43.59,42.73,42.98,7215369
7/15/14,43.33,43.73,42.78,43.7,8360710
7/16/14,44,44,43.3,43.48,6371440
7/17/14,43.04,43.44,41.65,41.6999,13919677
7/18/14,42.23,43.22,42.15,42.9199,8870098
7/21/14,42.91,42.95,42.25,42.48,5684272
7/22/14,42.7,42.89,42.15,42.38,6458469
7/23/14,42.72,43.66,42.65,43.33,10166698
7/24/14,42.5,43.95,41.7,42.16,18018077
7/25/14,42.25,42.68,41.335,41.68,10991606
7/28/14,41.87,41.9495,39.81,40.29,15941271
7/29/14,40.65,40.85,39.39,39.53,10719068
7/30/14,39.9,40.26,39.295,39.55,10759693
7/31/14,38.9,39.4,38.05,38.85,13536481
8/1/14,38.75,39.53,38.43,39.43,8978315
8/4/14,39.49,39.85,37.63,38.14,11092629
8/5/14,37.89,38.45,36.743,37.18,10422964
8/6/14,36.56,38,36.14,37.46,9501866
8/7/14,37.7,38.41,36.5,36.86,9886761
8/8/14,36.56,37.38,35.23,37.18,20757527
8/11/14,37.79,38.37,37.35,37.97,9015766
8/12/14,38.14,38.14,37.27,37.52,6224836
8/13/14,37.64,38.46,37.44,38.12,6176947
8/14/14,38.5,39.61,38.46,39.57,10132481
8/15/14,39.98,40.0799,38.79,39.19,9812047
8/18/14,39.6,40.9,39.6,40.66,10902850
8/19/14,40.96,41,40.26,40.43,5819609
8/20/14,40.4,40.8,40.03,40.6,6506835
8/21/14,40.75,40.85,39.445,39.51,8155816
8/22/14,39.6,40.21,39.5501,39.85,5773533
8/25/14,40.23,40.28,39.4,39.42,7075596
8/26/14,39.55,39.75,39.07,39.09,5733286
8/27/14,39.36,39.4,38.68,38.99,6457332
8/28/14,38.71,39.4,38.7,39.17,3888975
8/29/14,39.1,39.35,38.36,38.881,6648785
9/2/14,39,40.54,38.89,40.5,10934400
9/3/14,39.73,39.9,38.67,39.14,9997418
9/4/14,39.37,39.98,38.36,38.47,12007001
9/5/14,38.51,38.71,37.71,37.85,12070387
9/8/14,37.96,38.4,37.96,38.23,7348230
9/9/14,37.63,38.68,37.38,37.96,9102068
9/10/14,37.93,38.87,37.91,38.58,8111323
9/11/14,38.73,39.04,37.93,38.09,10067719
9/12/14,38.09,38.51,37.63,37.65,8233283
9/15/14,37.6,37.8,36.84,37.07,7954304
9/16/14,37,38.01,36.81,37.98,6724333
9/17/14,37.92,38.24,37.04,37.46,6684347
9/18/14,37.7,38.11,37.6,38.05,4556264
9/19/14,38.06,38.25,36.63,36.63,17592703
9/22/14,37,37,35.44,35.58,10968997
9/23/14,35.04,35.77,34.64,35.33,12149378
9/24/14,35.47,36.34,35.18,36.12,8491863
9/25/14,35.88,35.98,34.865,35.21,10934832
9/26/14,35.25,36.12,35.02,35.93,8515487
9/29/14,35.35,35.75,34.94,35.03,7492228
9/30/14,35.05,35.85,34.34,35.48,10657887
10/1/14,34.72,34.94,33.85,34.39,19453289
10/2/14,34.47,35.38,33.51,33.93,21482153
10/3/14,34.66,36.32,34.61,36.23,15081075
10/6/14,36.31,36.5,34.86,34.93,12794164
10/7/14,34.75,35.02,34.06,34.09,10032531
10/8/14,34.53,34.55,32.6,33,22753612
10/9/14,33.5,33.7,31.94,31.98,22639564
10/10/14,31.55,32.25,29.78,30.78,31018666
10/13/14,31.07,31.39,28.1,28.58,34532913
10/14/14,29.29,32.18,29.28,31.51,28145226
10/15/14,30.22,32.62,29.4925,31.69,39941285
10/16/14,30.63,33.4,30,32.97,24987103
10/17/14,33.88,34.34,32.81,33.38,16009738
10/20/14,34.19,35.39,34.0009,35.22,13532715
10/21/14,36.14,37.88,36.02,37.85,26347743
10/22/14,38.05,38.22,36.94,37.04,18958406
10/23/14,37.43,40.18,36.8,38.48,33292004
10/24/14,38.6,39.95,38.58,39.82,17834118
10/27/14,39.6,40.4,39.29,39.91,13355207
10/28/14,40.11,40.757,39.75,40.24,12193479
10/29/14,40.07,40.4,39.245,39.94,15784094
10/30/14,39.91,40.69,39.62,40.3,10566622
10/31/14,41.1,41.75,40.8,41.35,13012634
11/3/14,41.44,42.0958,41.43,42,8446445
11/4/14,42.83,43.7,42.499,42.7,17421198
11/5/14,43.32,43.35,42.09,42.25,11528847
11/6/14,42.59,44.13,42.59,43.14,14477213
11/7/14,43.14,43.49,42.63,43.2,9022642
11/10/14,42.5,43.94,41.675,43.83,13171001
11/11/14,44,44.47,43.32,43.44,11053611
11/12/14,43.25,43.63,42.84,43.43,7705263
11/13/14,43.54,44.4601,43.4898,44.12,11134963
11/14/14,44,44.541,43.665,44.01,8746243
11/17/14,43.97,44.58,43.63,43.69,8691679
11/18/14,43.755,45.46,43.755,45.05,14219440
11/19/14,44.83,45.4,44.04,44.1,11291063
11/20/14,43.65,44.72,43.2,44.16,9431411
11/21/14,44.38,44.49,43.25,43.31,10866472
11/24/14,43.72,43.96,42.78,43.21,9576570
11/25/14,43.18,44.44,43.1,44.15,11563828
11/26/14,44.31,45.7501,44,44.97,12798776
11/28/14,47,49.45,47,48.53,21638709
12/1/14,49,49.47,47.36,47.88,15151440
12/2/14,48.12,48.7,47.15,47.86,11853928
12/3/14,47.74,48.47,46.925,48.24,8917697
12/4/14,49.6,50.27,49.32,49.65,15233774
12/5/14,50.09,51.75,50.01,51.01,15588179
12/8/14,50.44,51.32,50.15,50.82,16167321
12/9/14,49.1,49.2,47.39,48.31,20575397
12/10/14,49.8,50.399,48.25,48.94,18499976
12/11/14,49.8,51.5,49.65,50.53,15100887
12/12/14,51.675,51.7,49.9,49.97,15364034
12/15/14,50.21,51.32,49.32,50.84,15368535
12/16/14,51.01,51.15,47.68,47.96,22053666
12/17/14,48.26,49.49,46.05,48.8,24779800
12/18/14,48.56,50.93,47.5,50.14,16945321
12/19/14,49.67,50.94,49.1,50.71,26787715
12/22/14,51.1,51.88,50.72,50.84,8872374
12/23/14,50.95,51.14,49.84,50.21,7169796
12/24/14,50.66,51.69,50.35,51.43,5961395
12/26/14,51.46,52.25,51.06,51.955,6841763
12/29/14,51.65,53.24,51.3,52.85,8791483
12/30/14,53,53.7,52.83,53.42,8063140
12/31/14,53.9,54.64,53.32,53.63,11063024
1/2/15,54.28,54.6,53.07,53.91,10756705
1/5/15,54.37,54.54,53.34,53.875,11565004
1/6/15,54.27,54.43,52.13,53.04,13772171
1/7/15,53.38,53.65,52.12,53.01,10069816
1/8/15,53.48,54.28,53.25,53.66,9672064
1/9/15,53.67,53.91,51.82,52.02,12351638
1/12/15,51.06,51.45,49.2,49.58,18261336
1/13/15,50.12,51.43,49.46,50.4,12259271
1/14/15,49.41,50.23,48.1,49.41,15684697
1/15/15,49.135,50.4,48.58,49.41,10399684
1/16/15,49.38,49.97,48.27,49.81,12978011
1/20/15,51,52.83,49.9345,52.75,15157342
1/21/15,52.65,54,51.95,53.67,12882227
1/22/15,54.52,55.82,53.91,55.59,16201053
1/23/15,55.4,55.98,54.8,55.69,9488822
1/26/15,55.89,56.2,54.73,55.45,13353937
1/27/15,53.99,54.52,52.54,52.695,19810717
1/28/15,52.79,53.699,50.3,50.62,17064794
1/29/15,51.045,52.42,50.57,52.24,16618856
1/30/15,52.02,52.13,48.63,49.08,18473105
2/2/15,48.58,48.93,46.21,48.72,22413054
2/3/15,47.3,48.16,46.55,47.5,16678900
2/4/15,48.62,49.79,48.23,49.46,11836762
2/5/15,49.46,49.46,47.6,48.81,9220865
2/6/15,48.84,49.47,47.89,48.145,8650092
2/9/15,46.41,47.235,45.95,46.53,12961897
2/10/15,47.4,48.375,46.9,48.05,9085330
2/11/15,48.79,48.95,47.35,47.59,10060185
2/12/15,46.75,48.5,46.4,47.88,9542801
2/13/15,47.53,48.4,46.65,48.39,9895724
2/17/15,48.77,49.449,47.86,48.01,7260535
2/18/15,48.6,49.45,48.184,49.31,8752743
2/19/15,50.78,50.8,49.59,49.78,11462822
2/20/15,49.81,51.12,49.13,51.02,10537876
2/23/15,51.75,52.2,50.95,51.31,9508679
2/24/15,50.29,51.555,49.36,51.52,13916738
2/25/15,51.3,51.49,49.46,49.73,9577025
2/26/15,50.38,50.38,49.02,49.35,7577294
2/27/15,49,49.4,47.85,47.9,9396398
3/2/15,48.2,48.57,47.85,48.31,11482901
3/3/15,47.9,49.03,47.75,48.77,9051248
3/4/15,48.85,48.96,47.98,48.95,6711005
3/5/15,49.19,49.2,47.78,48.395,7041012
3/6/15,48.33,48.94,47.9,47.995,7002303
3/9/15,48.05,48.58,47.58,47.92,7460205
3/10/15,47.5,47.58,46.47,46.735,9337145
3/11/15,46.9,47.89,46.58,47.39,6630302
3/12/15,47.57,48.72,47.56,48.68,7133511
3/13/15,48.75,49.49,48.28,49.22,9187991
3/16/15,49.77,50.45,49.45,50.22,10897774
3/17/15,52.63,54.18,52.5,53.69,41837891
3/18/15,53.69,54.6,53.34,54.13,21324978
3/19/15,54.57,55.24,54.45,55.19,18897709
3/20/15,55.19,56.05,54.86,55.76,137767165
3/23/15,55.47,55.93,54.37,54.395,19042013
3/24/15,54.04,54.41,53.66,53.93,11940800
3/25/15,53.62,53.78,51.93,52.01,14237851
3/26/15,50.84,51.685,50.25,51.265,14242731
3/27/15,51.38,52.85,51.38,52.66,9003971
3/30/15,53.24,53.84,53.05,53.64,8167282
3/31/15,53.66,53.73,52.68,52.78,8386414
4/1/15,51.1,51.38,50.11,50.44,15191509
4/2/15,50.48,50.85,49.15,49.175,14109775
4/6/15,48.35,48.69,47.67,48.08,13323351
4/7/15,48.3,48.8,47.49,47.495,9393200
4/8/15,47.8,49.0865,47.73,48.74,11180048
4/9/15,48.86,49.48,47.72,47.84,11576174
4/10/15,48.16,48.79,47.72,47.73,11713378
4/13/15,47.47,48.59,47.47,47.79,9350279
4/14/15,47.49,47.78,46.88,47.42,9878409
4/15/15,48,48.72,47.67,47.75,9846675
4/16/15,47.81,48.91,47.75,48.24,7155874
4/17/15,47.96,48.65,47.9451,48.19,8659765
4/20/15,48.61,49.78,47.91,49.76,9523520
4/21/15,50,51.42,49.46,51.36,10850327
4/22/15,51.4,51.54,50.4,51.4,7333255
4/23/15,51.07,51.72,50.7007,51.45,9821775
4/24/15,51.98,53.47,51.49,52.705,20248074
4/27/15,52.68,52.68,51.695,51.87,9843392
4/28/15,51.7,51.82,50.01,51.19,9235688
4/29/15,50.58,50.8,47.66,48.88,18050280
4/30/15,48.5,49.46,48.01,48.285,9400367
5/1/15,48.65,49.83,48.51,49.39,8084568
5/4/15,49.41,50.08,48.8,48.95,5589831
5/5/15,48.21,48.71,46.9,47.005,11384951
5/6/15,46.78,47.64,46.15,47.045,10116405
5/7/15,47.4,49.62,47.4,49.06,11427992
5/8/15,49.23,49.83,48.93,49.04,6478195
5/11/15,49,50.3,48.8,49.645,8036689
5/12/15,49.11,49.4,48.63,48.85,6820544
5/13/15,49.27,49.85,48.4,48.49,8553119
5/14/15,48.94,49.09,48.5,48.815,7980104
5/15/15,49.41,49.45,48.56,48.665,6650381
5/18/15,48.56,49.17,48.38,49,6152250
5/19/15,49.45,49.68,47.7,47.85,14984942
5/20/15,47.56,47.56,42.97,43.06,51460347
5/21/15,43.19,43.39,42.4,42.47,23895773
5/22/15,42.7,42.93,42.02,42.61,16113065
5/26/15,43.05,43.09,41.36,41.555,17481066
5/27/15,41.65,42.45,41.6,42.24,13017827
5/28/15,42.25,42.5,41.77,41.97,9238835
5/29/15,41.68,42.6,41.32,42.37,13236123
6/1/15,42.61,44.38,42.09,44.18,21917072
6/2/15,43.3,44.105,43.04,43.775,14832921
6/3/15,43.35,43.91,43.01,43.13,13272584
6/4/15,43.05,43.98,41.88,42.17,14128026
6/5/15,42.13,42.58,41.71,41.72,9951149
6/8/15,41.07,41.24,39.27,39.86,25757794
6/9/15,38.8,40.72,38.45,40.325,27024764
6/10/15,40.21,41.213,39.7,40.43,15731942
6/11/15,40.79,41.26,39.94,40.02,10116732
6/12/15,39.84,40.995,39.76,40.705,10333824
6/15/15,40.35,41,40.01,40.07,8830268
6/16/15,40.13,40.3202,39.32,39.48,9212092
6/17/15,39.27,40.09,38.91,39.88,9567438
6/18/15,39.8,40.22,39.61,39.975,10647022
6/19/15,40.3,41.89,40.3,41.56,20198313
6/22/15,42.92,43.25,42.24,43.03,15120162
6/23/15,42.98,43.42,42.35,42.725,10701960
6/24/15,42.7,42.92,42.07,42.24,6895903
6/25/15,42.65,43.42,42.2,42.24,8174154
6/26/15,42.44,42.58,41.33,41.44,9819882
6/29/15,40.77,41.32,39.59,39.75,17651705
6/30/15,40.2,40.605,39.93,39.935,11184512
7/1/15,40.65,40.9,37.8,38.8,24907070
7/2/15,39.02,39.805,38.4,39.03,11080020
7/6/15,39.09,40,39.08,39.73,9157738
7/7/15,39.93,40.74,39.26,40.675,10375901
7/8/15,40.3,40.31,39.14,39.31,11193029
7/9/15,39.84,40.28,39.655,39.67,8490876
7/10/15,40.51,41.64,40.5,41.21,16451679
7/13/15,41.96,42.72,41.96,42.42,12076978
7/14/15,42.04,42.46,41.29,42.06,12701464
7/15/15,41.39,42.22,40.39,41.54,17922765
7/16/15,41.81,42.22,41.3,41.39,12111338
7/17/15,41.45,41.84,41.241,41.4,9735964
7/20/15,41.55,41.71,40.44,40.55,7645875
7/21/15,40.5,41.3,40.49,40.9,7300014
7/22/15,40.96,41.61,40.96,41.43,8302897
7/23/15,42.78,43.81,42,42.61,16579876
7/24/15,43,43.11,39.62,39.63,20152599
7/27/15,39.63,40.81,38.9,40.14,12071366
7/28/15,40.18,41.38,40.18,41.17,8186041
7/29/15,41.09,41.33,40.44,40.73,6801435
7/30/15,40.58,40.93,39.92,40.27,5855845
7/31/15,40.53,40.54,39.88,40.1,6955874
8/3/15,40.24,41.85,40.21,41.71,9261863
8/4/15,42.15,42.77,41.88,42.74,13354267
8/5/15,42.85,43.3,42.592,42.96,7581022
8/6/15,43.25,43.45,41.76,42.18,7395473
8/7/15,42.21,42.48,41.4,41.49,5588631
8/10/15,41.75,42.43,41.45,41.68,6860606
8/11/15,41.74,43.42,41.6501,42.7,10378553
8/12/15,42.37,42.68,40.68,42.52,10434817
8/13/15,42.76,43.275,42.27,42.67,6605820
8/14/15,42.35,43.17,42.35,42.88,4857867
8/17/15,42.96,44.015,42.82,43.95,8385397
8/18/15,44.06,44.45,43.24,43.63,6317183
8/19/15,43.53,44.27,43.21,43.53,8373959
8/20/15,42.84,43.52,41.78,41.98,8905660
8/21/15,41.4,41.6,39.75,39.75,16241613
8/24/15,36,39.8999,34.1,37.62,19612661
8/25/15,39.39,39.49,37.49,37.5,12820340
8/26/15,38.77,39.01,36.97,38.85,15679843
8/27/15,39.17,39.45,37.97,39.03,13793641
8/28/15,38.93,39.58,38.35,38.62,11824990
8/31/15,38.63,39.76,38.62,38.98,12409620
9/1/15,38.63,39.81,38.5,39.2,16042613
9/2/15,40,41.51,39.8,41.51,19316788
9/3/15,41.84,41.91,40.78,40.89,9905603
9/4/15,40.4,41.32,40.15,40.6,9738424
9/8/15,41.28,41.58,40.69,40.8,10814770
9/9/15,41.15,42.18,40.6268,41,12481224
9/10/15,41.39,41.88,40.71,41.21,9181582
9/11/15,41.22,42.15,41.05,42.15,8635243
9/14/15,42.17,42.5,41.84,42.29,7362535
9/15/15,42.36,42.85,41.89,42.64,7009325
9/16/15,42.4,43.2467,42.24,43.06,7703119
9/17/15,43.11,44.59,42.9899,43.99,12835651
9/18/15,43.43,44.03,43.275,43.49,12446861
9/21/15,43.72,44.005,42.88,43.23,6687215
9/22/15,42.77,43.08,40.92,41.19,12483661
9/23/15,41.32,41.5,40.5001,41.24,8248801
9/24/15,41.15,41.15,39.915,40.25,10507272
9/25/15,40.93,41.03,39.92,40.24,7524947
9/28/15,39.87,40.18,38.64,39.08,9635911
9/29/15,39.05,39.7693,38.79,39.18,7478790
9/30/15,39.18,39.68,37.72,38.83,15823720
10/1/15,38.5,39.27,37.84,39.2,9175087
10/2/15,38.75,38.77,37.42,38.63,12276284
10/5/15,38.9,40.3,38.82,40.19,9421801
10/6/15,39.95,40.37,38.08,38.13,13031992
10/7/15,38.41,39.41,37.76,39.31,10513746
10/8/15,39.21,40.03,38.7,39.74,8308146
10/9/15,40.27,42.49,40.25,42.42,16835519
10/12/15,42.59,43.88,42.55,43.84,11443308
10/13/15,42.7,43.97,42.52,43.41,13250274
10/14/15,44,44.5,43.23,43.8,11125778
10/15/15,44.1,44.48,43.5,44.46,8185398
10/16/15,43.95,44.02,42.86,43.71,11572941
10/19/15,43.83,44.49,43.62,44.45,8934601
10/20/15,44.54,45.1811,44.45,44.79,7610771
10/21/15,44.49,45.18,44.09,44.31,6941202
10/22/15,44.89,46.01,44.36,45.99,14444639
10/23/15,46.37,46.42,43.81,45.67,20281404
10/26/15,45.36,46.57,44.99,46.47,11026228
10/27/15,46.41,46.69,45.65,46.46,6824082
10/28/15,46.2,46.36,45.23,45.86,7629738
10/29/15,45.63,46.1,45.21,45.86,5234359
10/30/15,45.77,46.77,45.71,46.22,8589743
11/2/15,46.2,46.82,46.2,46.47,6189311
11/3/15,47.02,47.09,46.08,46.5,6983205
11/4/15,46.42,46.45,45.15,45.63,8081357
11/5/15,45.7,45.83,45.03,45.6,5865538
11/6/15,45.51,45.97,45.05,45.34,11669625
11/9/15,45.17,45.21,44.56,44.65,7214613
11/10/15,44.66,45.16,44.0201,44.49,5935317
11/11/15,44.76,44.95,44.37,44.39,4416989
11/12/15,44.29,44.52,43.82,43.9,5951056
11/13/15,43.67,44.23,43.12,43.45,7486143
11/16/15,42.41,42.84,41.85,42.83,10201130
11/17/15,43,43.46,42.05,42.3,9596532
11/18/15,42.32,42.32,41.01,41.75,11071087
11/19/15,41.94,42.7299,41.89,42.3,6545456
11/20/15,42.4,42.71,42.05,42.2,5655961
11/23/15,42.11,42.74,41.81,42.3,4166051
11/24/15,41.02,41.64,40.45,41.23,7577977
11/25/15,41.35,41.5,40.96,41.31,4276646
11/27/15,41.38,42.25,41.1701,41.69,3066773
11/30/15,41.75,41.99,40.98,41.26,6450862
12/1/15,41.47,43.3,41.3,43.26,8912859
12/2/15,44.09,44.53,43.53,43.82,8010351
12/3/15,43.65,44.6,42.92,43.27,7235252
12/4/15,43.82,44.99,43.82,44.97,9460935
12/7/15,45.35,46.49,45.22,45.78,8911719
12/8/15,45.1,45.51,44.07,44.55,9043652
12/9/15,44.3,45.19,43.19,43.65,8001019
12/10/15,43.79,44.48,43.54,44.09,7955619
12/11/15,43.28,43.5869,42.06,42.09,10235210
12/14/15,42.26,42.87,41.08,41.77,10778159
12/15/15,41.97,42.82,41.92,42.595,7097307
12/16/15,42.99,43.49,42.12,43.2,7850944
12/17/15,43.33,43.95,42.45,42.46,7224974
12/18/15,41.61,42.31,40.7,41.09,17809958
12/21/15,41.35,42.43,41.35,42.4,6597508
12/22/15,42.56,43.08,42.3599,42.895,5704730
12/23/15,42.78,43.385,42.43,43.29,6093603
12/24/15,43.27,44.19,43.11,43.81,3307108
12/28/15,43.62,44.04,42.91,43.23,4148045
12/29/15,43.25,43.62,43.03,43.5,4006937
12/30/15,43.64,43.64,42.46,42.8,5463608
12/31/15,42.54,42.57,41.83,42.35,6813757
1/4/16,41.29,41.3501,40.3,40.91,12037151
1/5/16,41.18,41.49,39.95,40.52,10514164
1/6/16,40.05,41.7,40,41.23,12393780
1/7/16,40.97,41.52,39.68,40.45,11312876
1/8/16,40.94,41.36,40.26,40.37,8853096
1/11/16,40.56,41.2,39.9,41.08,15877511
1/12/16,41.15,42.36,40.48,42,12635992
1/13/16,42.17,42.74,39.66,40.1,12718577
1/14/16,40.21,40.78,38.86,40.55,11756473
1/15/16,39.04,39.89,38.37,38.76,18924825
1/19/16,39.59,39.78,38.21,38.86,10505908
1/20/16,38.53,39.845,36.2,39.06,16089109
1/21/16,38.93,40,38.02,39.79,9781683
1/22/16,40,40.72,39.57,40.16,7247031
1/25/16,40.02,40.16,38.82,38.88,10113170
1/26/16,38.73,39.75,38.44,39.64,8099029
1/27/16,40.15,40.87,39.48,39.69,10185956
1/28/16,39.61,39.79,37.66,38.14,17112266
1/29/16,37.52,39.085,36.5982,38.99,20957476
2/1/16,39,39.94,38.63,39.38,12023520
2/2/16,38.83,38.97,37,37.03,12401401
2/3/16,37.38,37.61,35.755,37.51,12391194
2/4/16,37.34,38.6,36.701,38.21,8599627
2/5/16,37.71,38.49,36.53,36.75,10072744
2/8/16,36.08,36.16,34.76,35.55,12821858
2/9/16,34.93,36.75,34.91,36.19,11143254
2/10/16,36.57,37.64,36.5301,37.12,8114127
2/11/16,36.47,37.2199,36.17,36.49,8096032
2/12/16,36.92,37.98,36.42,37.82,9412821
2/16/16,38.13,38.77,37.53,38.61,7147467
2/17/16,38.95,39.83,38.87,39.34,8432477
2/18/16,39.36,39.68,38.96,39.54,9605849
2/19/16,39.16,40.07,39.04,39.76,11052389
2/22/16,40.14,40.93,40.07,40.84,9997306
2/23/16,40.56,40.81,40.17,40.38,6432202
2/24/16,40.02,40.83,39.39,40.66,6103693
2/25/16,40.76,41.38,40.41,41.36,6936437
2/26/16,41.5,41.6,40.38,40.87,7467225
2/29/16,40.77,41.34,40.5,41,5791341
3/1/16,41.44,42.02,41.06,41.83,7885768
3/2/16,41.47,41.8,41.29,41.59,7913743
3/3/16,41.52,42.24,41.23,41.88,8812844
3/4/16,42.17,42.17,41.42,41.63,9474058
3/7/16,41.31,42.23,40.9,42.13,6961033
3/8/16,41.3,41.41,40.05,40.77,8418307
3/9/16,40.74,41.72,40.52,41.65,8546320
3/10/16,42.11,42.11,40.91,41.63,5814184
3/11/16,41.89,42.5,41.7,42.47,5701486
3/14/16,42.31,42.7,42.12,42.59,4567995
3/15/16,42.3,42.4866,41.98,42.11,4445364
3/16/16,41.81,42.43,41.5903,42.31,4792939
3/17/16,42.31,42.31,41.82,42.1,5960628
3/18/16,42.31,43.53,41.75,43.44,13745965
3/21/16,43.32,43.78,43.28,43.47,4756375
3/22/16,42,43.02,41.84,42.76,6721590
3/23/16,42.8,42.8599,41.58,41.92,9583382
3/24/16,41.88,41.95,40.19,40.5,12515149
3/28/16,41,41.34,40.33,40.91,6402846
3/29/16,40.9,41.4295,40.77,41.35,6794023
3/30/16,41.75,42.0699,41.36,41.38,6076819
3/31/16,41.5,41.68,40.98,41.01,8138009
4/1/16,40.13,40.16,39.27,39.52,11244108
4/4/16,39.81,40.24,39.1511,39.37,7831606
4/5/16,39.13,39.38,38.74,38.93,7648428
4/6/16,39.07,39.07,38.34,38.9,5649968
4/7/16,38.66,39.05,37.91,38.36,8206668
4/8/16,38.7,38.72,38.12,38.5,6087408
4/11/16,38.79,39.55,38.67,38.73,7932341
4/12/16,38.82,39.43,38.76,39.19,6426030
4/13/16,39.3,40.01,38.89,39.94,12493627
4/14/16,40.34,41.66,40.2496,41.17,10133381
4/15/16,41.3,41.36,40.72,40.91,6982204
4/18/16,41.18,41.26,40.435,40.92,5245673
4/19/16,40.99,41.76,40.9658,41.34,6650663
4/20/16,41.36,41.71,41.11,41.26,5018209
4/21/16,40.8,40.93,39.8,40.01,10782629
4/22/16,37.68,38.49,37.01,38.21,20939508
4/25/16,38.16,38.4,36.915,37,12670142
4/26/16,37.27,37.49,36.26,36.92,14692670
4/27/16,36.79,37.29,36.52,36.71,12305033
4/28/16,37.04,37.09,35.89,35.97,9836832
4/29/16,35.81,35.83,34.1,34.69,17807211
5/2/16,34.99,35.165,34.4,34.43,8829819
5/3/16,34.76,34.77,33.85,34.58,10674224
5/4/16,34.17,34.3,33,33.21,13412403
5/5/16,33.28,33.52,32.73,32.805,11606138
5/6/16,32.67,33.15,32.19,33.03,12749112
5/9/16,33.03,33.8,32.94,32.94,9312525
5/10/16,33.24,33.8,33.09,33.77,8124367
5/11/16,33.68,34.04,32.85,32.86,8148588
5/12/16,33.01,33.0199,31.29,31.33,14228217
5/13/16,31.09,32.01,31.08,31.51,10132516
5/16/16,31.81,32.3,30.99,32.12,12397759
5/17/16,32.25,33.29,32.02,32.64,13303448
5/18/16,32.61,33.36,32.34,32.61,9136275
5/19/16,32.28,32.59,31.69,32.15,8875353
5/20/16,32.3,32.81,31.95,32.01,7277953
5/23/16,32.03,32.29,31.7,31.73,6498413
5/24/16,31.89,32.275,31.85,32.15,6962729
5/25/16,32.39,32.9,32.1,32.17,7403238
5/26/16,32.13,32.341,31.37,31.51,7222797
5/27/16,31.6,31.84,31.4137,31.65,8573689
5/31/16,31.75,31.97,31.33,31.91,9618738
6/1/16,31.94,32.26,31.73,31.95,6416243
6/2/16,31.67,32.07,31.5799,31.67,6813295
6/3/16,31.59,31.6,30.37,30.81,12424133
6/6/16,30.77,31.3,30.38,31.26,8335439
6/7/16,31.46,32.87,31.1,32.36,12424206
6/8/16,32.63,32.97,32.22,32.51,8173130
6/9/16,32.25,33.58,32.25,33.4,8188322
6/10/16,32.8,33.4792,32.64,33.14,8252308
6/13/16,32.99,32.99,31.64,31.8,9225556
6/14/16,31.81,31.97,30.02,30.36,13802855
6/15/16,30.65,31.1,30.45,30.49,8152256
6/16/16,29.8,29.8,29.02,29.14,18236714
6/17/16,29.1,29.55,28.85,29.34,15301910
6/20/16,29.75,30.39,29.64,29.71,8359297
6/21/16,30.29,30.39,29.69,30.02,8922946
6/22/16,30.05,30.33,29.82,29.89,6675906
6/23/16,30.25,30.49,29.77,30.33,9139949
6/24/16,28.2,28.5,27.04,27.05,36049898
6/27/16,26.85,26.85,24.85,25.27,23200027
6/28/16,26.12,26.88,25.76,26.77,20026097
6/29/16,26.94,28.065,26.94,27.7,15008769
6/30/16,27.86,28.31,27.49,28.31,11148266
7/1/16,28.26,29.52,28.2,29.33,13249962
7/5/16,29.09,29.16,28.19,28.93,9467046
7/6/16,27.76,28.4,27.12,28.35,18757538
7/7/16,28.39,29.47,28.31,29.4,11779807
7/8/16,29.8,30.2766,29.7,30.04,13659253
7/11/16,30.23,31.44,30.22,31.16,12374382
7/12/16,32.78,34.89,32.75,34.66,25515686
7/13/16,35,35.29,34.115,34.45,15215087
7/14/16,35.11,36.19,35,35.88,16884414
7/15/16,35.51,36.06,35.32,35.89,9817118
7/18/16,36.03,36.34,35.76,36.03,8606791
7/19/16,35.78,36.08,35.33,36.01,7956271
7/20/16,36.07,36.725,35.39,35.92,13098351
7/21/16,35.1,35.56,34.44,34.96,16429851
7/22/16,36.45,36.56,35.6,36.36,14704699
7/25/16,36.35,36.3989,35.52,35.8,9526661
7/26/16,35.91,36.68,35.65,36.55,8871189
7/27/16,36.5,36.6,35.9,36.2,6671186
7/28/16,36.07,36.53,35.75,36.34,6519640
7/29/16,36.26,36.739,35.5,35.5,9138561
8/1/16,35.54,35.75,35.1,35.6,7058968
8/2/16,35.39,35.4,33.38,33.51,12100443
8/3/16,33.47,33.96,33.17,33.48,8254209
8/4/16,33.57,33.77,33,33.58,6384697
8/5/16,33.71,34.72,33.68,34.44,16437181
8/8/16,34.22,34.88,34.12,34.35,7142394
8/9/16,35.21,35.5,34.54,34.59,7307238
8/10/16,34.59,34.75,33.74,34.18,5878383
8/11/16,34.25,35.08,34.24,34.96,7666723
8/12/16,34.74,35.17,34.66,34.92,6064005
8/15/16,34.96,36.05,34.9,35.87,7137204
8/16/16,35.67,36.79,35.63,36.75,9384959
8/17/16,36.68,36.75,36.19,36.6,8002043
8/18/16,36.43,36.695,36.05,36.67,5293057
8/19/16,36.44,36.74,36.101,36.49,6675287
8/22/16,36.33,36.48,35.86,36,5189371
8/23/16,36.32,36.65,36.18,36.4,5402244
8/24/16,36.27,36.99,36.19,36.65,5946506
8/25/16,36.34,36.94,36.32,36.72,5446011
8/26/16,36.68,36.84,36.02,36.23,6257687
8/29/16,36.13,36.41,36.05,36.17,4760672
8/30/16,35.45,37.355,35.35,37.05,14509340
8/31/16,36.97,36.98,35.63,36.3,13111735
9/1/16,36.53,36.71,35.88,36.24,6940639
9/2/16,36,36.7,36,36.53,5429115
9/6/16,36.45,36.97,36.36,36.96,5501735
9/7/16,37.5,39.52,37.42,38.75,13774999
9/8/16,38.68,39.41,38.43,39.35,7101532
9/9/16,39,39.34,38.17,38.49,8623597
9/12/16,37.22,38.38,36.62,38.34,11959828
9/13/16,38.12,38.31,37.22,37.37,9330297
9/14/16,37,37.2,36.25,36.39,8092808
9/15/16,36.31,36.63,35.85,36.41,7805325
9/16/16,36.26,36.36,35.47,35.49,10724815
9/19/16,35.66,36.11,35.35,35.44,5422349
9/20/16,35.75,35.86,35.13,35.15,6666508
9/21/16,35,35.15,33.9,34.67,10408214
9/22/16,34.96,36.03,34.85,35.25,7438727
9/23/16,35.3,35.67,34.96,35.55,4603182
9/26/16,35.19,35.5456,34.86,34.93,7353514
9/27/16,34.98,36.125,34.9,36,5068871
9/28/16,36.1,36.86,35.775,35.84,6291604
9/29/16,35.65,36.6,35.6,35.82,6183332
9/30/16,35.98,36.99,35.8601,36.61,7429336
10/3/16,36.46,37.75,36.33,37.7,8878923
10/4/16,38.39,38.78,37.55,37.63,9065626
10/5/16,37.82,38.115,37.31,37.87,4713128
10/6/16,37.83,38.22,37.57,38.17,5160788
10/7/16,38.25,38.481,37.4,37.73,5133308
10/10/16,37.95,38.95,37.47,38.89,6939866
10/11/16,39.99,39.99,38.06,38.2,10034719
10/12/16,38.12,38.3843,37.36,37.38,7410000
10/13/16,36.95,39.5,36.801,39.24,14773296
10/14/16,39.45,39.92,38.585,38.65,8871203
10/17/16,38.66,39.73,38.37,38.58,5602040
10/18/16,38.84,39.89,38.84,39.35,10538152
10/19/16,39.48,40.81,39.4,40.63,12764197
10/20/16,40.93,40.93,39.4148,40.59,14695860
10/21/16,39.97,40.245,39.65,39.9,9981485
10/24/16,40.25,40.55,39.77,39.83,6466782
10/25/16,39.66,40.43,39.36,39.69,6020181
10/26/16,38.57,40.26,38.21,39.32,10112314
10/27/16,39.45,40.18,39.26,39.91,6542122
10/28/16,39.85,40.57,39.8,40.06,6710739
10/31/16,40.31,40.81,40.08,40.6,5961076
11/1/16,40.51,40.85,39.565,39.8,9028663
11/2/16,39.72,40.25,39.62,39.71,5274455
11/3/16,39.78,40.24,39.3,39.38,6006541
11/4/16,39.27,40.22,39.24,39.74,6717513
11/7/16,40.39,41.65,40.31,41.49,8334221
11/8/16,41.42,41.85,41.02,41.7,5725832
11/9/16,40.76,42.75,40.44,42.41,8392383
11/10/16,42.71,43.39,42.15,42.3,8666121
11/11/16,42.07,42.95,41.68,42.93,6623490
11/14/16,43.01,43.61,42.98,43.4,7773627
11/15/16,45,45.28,43.59,44.76,13166625
11/16/16,44.66,44.795,43.93,44.45,6166966
11/17/16,44.39,45.85,44.05,45.83,8558682
11/18/16,46.15,46.49,45.62,46.26,7795053
11/21/16,46.46,46.75,45.95,46.08,6651810
11/22/16,46.03,46.95,45.95,46.08,5781259
11/23/16,46.05,46.39,45.7,46.34,5160176
11/25/16,46.34,46.86,46.3,46.82,2426632
11/28/16,46.64,46.885,45.66,46.5,7369639
11/29/16,46.59,47.14,46.17,46.89,4885442
11/30/16,46.14,46.86,45.42,46.44,7904220
12/1/16,46.2,47.09,45.66,45.75,7435186
12/2/16,46.09,46.86,45.91,46.1,6505099
12/5/16,46.45,46.5401,45.58,45.72,5256443
12/6/16,46.16,46.55,45.92,46.43,5334516
12/7/16,46.61,48.935,46.52,48.65,10210334
12/8/16,48.6,48.6,47.7,48.05,6239952
12/9/16,49.27,50.64,48.74,49.64,9850774
12/12/16,49.16,49.34,47.44,47.59,8643546
12/13/16,47.94,48.49,47.71,47.84,6147695
12/14/16,47.84,48.75,47.805,47.92,5293889
12/15/16,48.1,49.95,48.1,48.3,7530837
12/16/16,48.61,49.07,47.56,47.63,9299673
12/19/16,47.89,48.6,47.74,48.58,4729855
12/20/16,48.5,49.5,48.5,49.22,4814999
12/21/16,49.34,49.9,49.23,49.47,3827868
12/22/16,49.35,49.45,48.46,48.69,3618731
12/23/16,48.61,48.84,48.285,48.48,2915271
12/27/16,48.29,48.92,48.14,48.61,2797847
12/28/16,48.73,48.83,47.61,47.67,4153630
12/29/16,47.8,48,46.96,47.25,3709262
12/30/16,47.42,47.66,46.47,46.69,4495016
1/3/17,47.28,47.34,46.135,46.3,6737752
1/4/17,46.63,47.435,46.35,46.7,5859604
1/5/17,46.52,46.93,45.61,45.89,6825316
1/6/17,45.85,46.72,45.47,46.21,7260197
1/9/17,46.01,47.34,45.78,47.08,4739142
1/10/17,47,48.51,46.97,48.48,7483764
1/11/17,49.29,49.9,48.1,48.64,6925770
1/12/17,48.67,49,46.84,48.1,5448098
1/13/17,48.16,48.43,47.54,47.65,3541980
1/17/17,47.56,47.75,46.67,46.75,5350794
1/18/17,47.3938,47.8,46.65,47.64,5176524
1/19/17,47.64,48.09,46.88,47.26,3729315
1/20/17,47.54,48.16,47.24,48,5611793
1/23/17,47.9,48.09,46.75,46.94,4284196
1/24/17,47.05,47.8,46.8,47.54,4926677
1/25/17,47.9,48.21,47.61,47.91,5139002
1/26/17,48.43,49.71,48.33,49.59,10332849
1/27/17,50,50,46.72,46.95,19411050
1/30/17,45.62,45.92,43.86,44.9,16786050
1/31/17,44.79,44.84,43.742,44.25,11719842
2/1/17,44.75,45,43.91,44.05,7955513
2/2/17,43.61,44.52,43.57,44.01,7607665
2/3/17,44.31,44.55,43.7627,44.2,6357916
2/6/17,44.8,45.6,44.74,45.3,6496054
2/7/17,45.75,46.13,45.01,45.17,6119960
2/8/17,45.26,45.26,44.51,45.06,4330414
2/9/17,45.07,46.599,44.94,46.3,7089902
2/10/17,46.62,46.7,46.17,46.45,4040567
2/13/17,46.56,47.78,46.5,47.41,6158580
2/14/17,47.26,47.28,46.45,46.57,6271654
2/15/17,47.59,48.05,46.93,47.54,8394814
2/16/17,47.5,47.65,46.66,46.97,5681810
2/17/17,46.83,47.1,46.43,46.91,4581604
2/21/17,47.01,47.27,46.5833,46.81,4672031
2/22/17,46.5,46.7,45.87,46.32,5799646
2/23/17,46.42,47.32,45.89,46.1,5246985
2/24/17,46,46.3,45.58,46.28,4489590
2/27/17,46.18,46.36,45.68,46.32,4130975
2/28/17,46.32,46.7199,46.03,46.36,4935590
3/1/17,46.79,48.135,46.7,47.09,8278935
3/2/17,46.67,46.74,45.64,45.72,7590676
3/3/17,45.85,47.26,45.77,46.82,7259147
3/6/17,46.41,46.68,44.38,45.31,11336565
3/7/17,45.02,45.23,44.56,44.84,4565315
3/8/17,44.79,45.3,44.597,44.89,5521109
3/9/17,44.5,44.93,43.25,43.33,9330139
3/10/17,43.46,43.95,42.97,43.9,6842316
3/13/17,43.73,44.12,42.26,42.37,8882287
3/14/17,42.06,42.1,40.84,41.21,10208460
3/15/17,40.5,42.19,40.2099,42.09,13986198
3/16/17,42.18,42.35,41.45,42.13,7058267
3/17/17,42,42.214,41.6,41.72,10185798
3/20/17,42.18,42.415,41.45,41.7,6229799
3/21/17,41.88,41.98,40.34,40.42,7938673
3/22/17,39.78,40.55,39.21,40.35,9943032
3/23/17,40.7,41.86,40.48,41.41,9516585
3/24/17,41.69,42.065,41.42,41.73,6596629
3/27/17,41.07,41.89,40.56,41.74,6050846
3/28/17,41.83,42.93,41.55,42.6,6185811
3/29/17,42.69,42.76,41.87,41.96,5331362
3/30/17,41.85,42.64,41.79,42.54,3681356
3/31/17,42.37,42.94,42.2745,42.3,5427748
4/3/17,42.33,42.57,41.625,42.45,5764716
4/4/17,42.09,42.23,40.82,40.9,7254678
4/5/17,41.15,42.13,41.06,41.31,7012673
4/6/17,41.4,41.96,41.16,41.72,3627608
4/7/17,41.53,42.1,41.28,41.81,4136988
4/10/17,41.81,42.67,41.62,42.32,4650522
4/11/17,42.78,43.95,42.412,43.93,10269604
4/12/17,44.79,45.35,43.83,43.96,9991117
4/13/17,43.95,44.02,43.335,43.35,5504930
4/17/17,43.47,44.25,43.36,44.23,4563213
4/18/17,44.03,44.53,43.4,43.81,5809175
4/19/17,44.07,44.775,43.9,44.4,6573440
4/20/17,44.71,45.38,44.56,45.22,4956478
4/21/17,45.5,45.5,44.985,45.15,5535986
4/24/17,45.5,46.44,45.47,46.44,6335303
4/25/17,46.8,47.39,46.38,46.61,5960573
4/26/17,46.51,46.9,46.24,46.4,6027630
4/27/17,43.91,44.21,42.41,43.98,18988577
4/28/17,44.02,44.06,42.56,42.62,13357971
5/1/17,42.76,42.96,42.01,42.08,8591384
5/2/17,42.06,43.91,42.05,43.87,9402465
5/3/17,43.67,44.17,43.42,43.92,5144318
5/4/17,44.18,44.39,43.195,43.91,4476053
5/5/17,44,44.52,43.77,44.51,5462793
5/8/17,44.6,45.045,44.515,44.94,6190660
5/9/17,45.4,47.3,45.25,47.08,11116806
5/10/17,47.03,47.78,46.67,47.3,7379826
5/11/17,47.21,47.24,45.65,46.54,6086339
5/12/17,46.26,46.44,45.73,45.83,3888691
5/15/17,45.7,46.99,45.69,46.68,5534522
5/16/17,46.79,47.1329,44.74,46.94,4627800
5/17/17,46.25,46.56,44.88,44.92,6906735
5/18/17,44.4,45.4,44.38,44.65,6626694
5/19/17,44.8,45.38,44.74,45.22,6736688
5/22/17,45.33,46.25,45.33,46.21,4428568
5/23/17,46.27,46.69,45.94,46.66,3008501
5/24/17,46.74,47.43,46.65,46.77,3890095
5/25/17,46.99,48.12,46.82,48.02,5441804
5/26/17,47.79,48.82,47.7294,48.74,5979329
5/30/17,48.32,48.5775,47.79,47.96,5512854
5/31/17,48.2,48.48,47.53,48.41,4486131
6/1/17,48.5,49.36,48.3,49.05,4421404
6/2/17,49.56,50.47,49.37,49.52,7708567
6/5/17,49.53,49.95,49.4,49.74,5466685
6/6/17,49.47,50.1,49.32,49.74,4473456
6/7/17,49.44,50.91,48.8,50.86,7078405
6/8/17,50.86,51.87,50.41,51.43,6544348
6/9/17,51.61,51.95,50.25,50.27,7204319
6/12/17,50.1,50.22,48.1,49.48,8597891
6/13/17,49.56,49.91,48.84,49.45,5153327
6/14/17,49.64,49.7801,48.89,49.39,4027798
6/15/17,49.14,49.32,48.37,49.11,4579626
6/16/17,48.9,49.45,48.62,48.79,6622111
6/19/17,49.13,49.72,48.815,49.66,4104267
6/20/17,49.22,49.36,48.01,48.03,6035053
6/21/17,48.33,48.64,48.13,48.43,3469517
6/22/17,50.5,50.56,48.79,48.97,9792147
6/23/17,49,49.1,48.47,48.63,12682001
6/26/17,48.81,49.78,48.535,48.78,3992866
6/27/17,48.6,49.555,48.5,48.5,4264403
6/28/17,48.82,49.7956,48.81,49.25,4259721
6/29/17,49.28,49.685,48.82,49.62,6170117
6/30/17,49.92,50.51,49.6,50.32,6618701
7/3/17,50.78,51.28,50.37,50.39,2906524
7/5/17,50.44,51.545,50.18,51.26,5157516
7/6/17,50.97,52.58,50.86,52.05,7021422
7/7/17,52.3,53.38,52.18,53.03,6596952
7/10/17,52.98,53.16,52.23,52.66,4600014
7/11/17,52.58,52.66,51.47,51.61,4545699
7/12/17,53.12,53.825,52.45,53.8,8348363
7/13/17,53.4,54.48,53.15,53.81,5346686
7/14/17,53.8,54.28,53.34,54.22,4537895
7/17/17,54.21,54.28,53.85,53.87,3727804
7/18/17,53.83,53.84,53.02,53.15,4101431
7/19/17,52.26,53.19,51.78,52.61,5774713
7/20/17,52.72,52.78,52.1,52.34,4836234
7/21/17,52.13,52.55,51.45,51.91,4544423
7/24/17,51.79,52.03,51.24,51.28,4876393
7/25/17,51.5,51.9,50.545,50.61,4484890
7/26/17,50.63,51.165,50.01,51.01,4776112
7/27/17,50.34,50.34,48.75,50,10260337
7/28/17,49.02,50.67,48.73,50.49,9153445
7/31/17,50.85,51.23,50.035,50.44,6062854
8/1/17,51.13,52,50.3236,51.06,5045298
8/2/17,50.89,51.18,49.9,50.45,4679746
8/3/17,50.56,51.195,50.36,50.55,3231366
8/4/17,50.67,50.92,50.3852,50.8,2993515
8/7/17,50.82,51.13,50.46,50.58,3016726
8/8/17,50.68,50.78,49.89,50,4274416
8/9/17,49.74,49.92,49.23,49.4,5020809
8/10/17,49.03,49.34,48.19,48.55,5441375
8/11/17,48.5,48.785,47.44,48.35,5610688
8/14/17,48.86,49.17,48.5,48.81,2996459
8/15/17,48.76,49,48.35,48.52,3149638
8/16/17,48.64,48.73,48.27,48.41,4187330
8/17/17,48.25,48.34,45.795,46.03,10304207
8/18/17,46.3,46.3,45.44,45.55,6242763
8/21/17,45.73,46.09,45.41,45.71,4353949
8/22/17,45.85,45.93,45.325,45.41,4019715
8/23/17,45.17,45.2431,43.52,43.97,8159201
8/24/17,44.13,44.15,42.67,42.92,7057477
8/25/17,43.09,45.43,43.01,45.25,11738415
8/28/17,45.23,45.3718,44.78,44.95,6969256
8/29/17,44.53,44.85,44.38,44.56,5195211
8/30/17,44.54,44.765,43.89,44.32,5472629
8/31/17,44.54,44.94,44.43,44.74,3799621
9/1/17,44.85,45.47,44.65,45.31,4569439
9/5/17,44.79,45.28,43.84,43.92,8512885
9/6/17,43.09,44.68,42.6066,44.31,8796667
9/7/17,44.19,44.625,43.5347,43.84,5095010
9/8/17,43.81,44.11,43.49,43.6,4684643
9/11/17,44.01,46.09,44,45.86,7921608
9/12/17,45.9,46.48,45.63,46.29,6325114
9/13/17,46.35,47.58,46.1,47,7288178
9/14/17,46.79,46.94,46.12,46.19,5360496
9/15/17,45.3,46.04,45.19,46,14846236
9/18/17,46.02,46.3,45.27,45.31,4601233
9/19/17,45.28,45.66,44.03,44.38,6884589
9/20/17,44.92,45.56,44.46,45.42,4708125
9/21/17,45.47,46.57,44.99,46.29,5864367
9/22/17,46.57,47.46,46.35,47.06,5342021
9/25/17,46.98,47.96,46.89,47.7,6363180
9/26/17,47.84,48.26,47.23,47.58,4706004
9/27/17,47.58,48.1,46.6301,46.85,6183158
9/28/17,46.78,48.6,46.78,47.49,8367839
9/29/17,47.49,47.85,47.23,47.49,4904347
10/2/17,47.52,47.93,47.22,47.73,4911650
10/3/17,47.66,50.59,47.63,50.51,10261794
10/4/17,50.5,51.67,50.49,50.73,7454460
10/5/17,50.85,50.99,50.26,50.56,4212310
10/6/17,50.7,51.59,50.65,51.3,4240506
10/9/17,51.23,51.4799,50.4,50.6,3691522
10/10/17,52,53.25,51.98,53.03,9387125
10/11/17,53.1,53.74,52.33,52.83,5396763
10/12/17,52.72,52.83,52.34,52.65,2943045
10/13/17,52.67,52.8611,52.2588,52.7,2960327
10/16/17,52.52,52.68,51.93,52.27,3262297
10/17/17,52.72,52.82,51.87,52.07,3651202
10/18/17,52.11,52.4373,51.86,52.03,2542361
10/19/17,51.57,51.83,49.6332,51.51,7568214
10/20/17,51.56,52.24,51.53,51.93,3643376
10/23/17,51.92,51.9499,50.87,50.98,3456500
10/24/17,51.02,52.1,50.5501,51.95,3654904
10/25/17,51.78,51.78,50.61,51.02,4658297
10/26/17,52,53.19,48.32,48.61,12079047
10/27/17,48.41,48.89,47.33,47.56,8591454
10/30/17,47.65,47.67,46.83,47.25,5402530
10/31/17,47.22,47.6,46.79,46.82,4596604
11/1/17,48,48.2,47.37,47.84,4354521
11/2/17,47.79,47.9291,47.09,47.36,2410660
11/3/17,47.36,47.61,46.8,47.45,4037183
11/6/17,47.46,48.1,47.28,47.51,4249493
11/7/17,47.51,47.54,46.4,46.46,3756424
11/8/17,46.42,46.98,45.84,46.37,3198779
11/9/17,45.85,46.35,45.36,45.77,3559185
11/10/17,45.64,46.12,45.56,45.82,2433022
11/13/17,45.63,45.86,45.33,45.74,1772439
11/14/17,45.3,45.97,45.27,45.81,1827200
11/15/17,45.71,47.31,45.45,47.19,5223111
11/16/17,47.26,48.06,47.24,47.68,4462040
11/17/17,47.6,47.75,47.1883,47.39,2324811
11/20/17,47.33,47.88,47.12,47.69,2436018
11/21/17,47.89,48.92,47.54,48.65,2796204
11/22/17,48.58,48.97,48.27,48.66,2326894
11/24/17,48.66,48.76,48.35,48.56,1352400
11/27/17,48.61,48.8336,48.3,48.42,2630803
11/28/17,48.44,49.42,48.2,49.22,3864117
11/29/17,49.38,51.16,48.66,49.25,8154242
11/30/17,49.76,51.1116,49.3,50.49,6016175
12/1/17,49.67,50.38,48.69,49,6229631
12/4/17,50.1,51.47,49.65,49.93,7113822
12/5/17,49.85,50,49.2099,49.47,3594043
12/6/17,49.39,49.81,49.19,49.61,2835542
12/7/17,49.53,50.9205,49.3,50.88,3046954
12/8/17,51.23,51.79,50.93,51.02,3817896
12/11/17,50.78,51.59,50.76,51.3,2835633
12/12/17,51.27,51.53,50.38,50.47,2798179
12/13/17,50.58,50.75,49.85,50.09,3035241
12/14/17,50.59,51.36,50.075,50.21,4503105
12/15/17,50.67,51.5,50.4,51.06,9074165
12/18/17,51.25,51.66,51.25,51.49,3236066
12/19/17,51.6,51.81,51.28,51.44,3019807
12/20/17,51.57,52.1,51.17,51.92,5172839
12/21/17,52.16,53.47,52.07,52.79,7125891
12/22/17,52.72,52.88,52.42,52.59,2425104
12/26/17,52.35,53.215,52.33,52.85,2774316
12/27/17,52.8,52.88,52.06,52.4,2831434
12/28/17,52.45,52.63,52.22,52.46,1845331
12/29/17,52.42,52.82,52.01,52.03,2697096
1/2/18,52.33,53.1,51.9,52.99,4084712
1/3/18,52.86,52.86,52.055,52.34,5074850
1/4/18,52.48,54.4,52.265,52.67,3557059
1/5/18,52.78,52.8388,52.43,52.65,2967756
1/8/18,52.6,52.64,51.93,52.13,3515785
1/9/18,52.97,53.37,52.005,52.08,3426021
1/10/18,53.23,54.02,52.88,53.78,7655771
1/11/18,54.49,57,54.18,56.42,11339858
1/12/18,56.56,58.73,56.56,58.47,7505761
1/16/18,58.79,59.08,57.53,57.98,5283872
1/17/18,58.31,58.58,57.8,58.16,3148934
1/18/18,58,58.71,57.56,58.34,3969309
1/19/18,58.59,58.59,57.76,58.06,3151201
1/22/18,57.99,58.34,57.5305,58.1,3553916
1/23/18,57.74,58.46,57.4,58.29,3336991
1/24/18,54.35,55.46,53.45,54.79,16348479
1/25/18,54,54.55,52.21,53.05,10223096
1/26/18,53.65,53.9,52.34,53.07,7066094
1/29/18,52.79,53.16,52.585,52.68,5953675
1/30/18,52.45,53.05,52.36,52.59,4741808
1/31/18,53.08,54.71,53,54.32,5962937
2/1/18,54,54.64,53.59,53.88,3623078
2/2/18,53.49,53.99,52.03,52.1,5109361
2/5/18,51.99,52.39,49.75,49.76,6878284
2/6/18,49.32,51.5,48.79,51.18,6782480
2/7/18,50.91,51.98,50.89,51.4,4845831